id,name,email,gender,status
8053382,Divya Mukhopadhyay,divya_mukhopadhyay@murray.test,male,inactive
8053378,Vimala Kakkar LLD,kakkar_lld_vimala@stracke.example,male,active
8053377,Ghanashyam Singh II,singh_ghanashyam_ii@kessler.example,female,inactive
8053376,Aadinath Desai,desai_aadinath@gerhold.example,female,active
8053375,Rita Joshi III,iii_rita_joshi@rath-kassulke.example,male,active
8053374,Deenabandhu Dhawan,deenabandhu_dhawan@crist.example,male,active
8053373,Chakravartee Varrier,chakravartee_varrier@graham.test,female,active
8053372,Devajyoti Reddy,devajyoti_reddy@green.example,male,active
8053371,Sushma Varma,sushma_varma@bradtke-raynor.test,female,inactive
8053370,Hiranya Sharma,hiranya_sharma@zemlak-volkman.test,female,active
